No,Table,Columns,DQ Issue,Solution,Action,DBT File Path,No,Table,Columns,DQ Issue,Solution,Action,DBT File Path
1,internal_subscriptions,"user_id, plan
",Columns Name are not sync,"Using internal_subscriptions
columns name
as baseline
to standardize the column names
",,data-dbt/rapsodo/models/staging/staging__internal_subscriptions.sql,1,billing_subscriptions,"customer_id, plan_name
",Columns Name are not sync,"Follow internal_subscriptions 
columns name 
to rename the column for
standardization

customer_id -> user_id
plan_name -> plan
",rename_column,data-dbt/rapsodo/models/staging/staging__billing_subscriptions.sql
2,internal_subscriptions,last_updated,"Column names are unclear, 
making the underlying data types ambiguous.

Compare to start_date & end_date","last_updated ->
last_updated_timestamp",change_column_name,data-dbt/rapsodo/models/staging/staging__internal_subscriptions.sql,2,billing_subscriptions,"current_period_start
current_period_end
canceled_at",Column names are unclear,"current_period_start -> 
current_period_start_timestamp

current_period_end ->
current_period_end_timestamp

canceled_at ->
canceled_at_timestamp",change_column_name,data-dbt/rapsodo/models/staging/staging__billing_subscriptions.sql
3,internal_subscriptions,status,Different status vocabularies,Create mapping table to standardize status for both tables,standardize_status,data-dbt/rapsodo/models/staging/staging__internal_subscriptions.sql,3,billing_subscriptions,status,Different status vocabularies,Create mapping table to standardize status for both tables,standardize_status,data-dbt/rapsodo/models/staging/staging__billing_subscriptions.sql
4,internal_subscriptions,end_date,Contains null values,"Fill back with '9999-12-31' 
to indicate null value

",fill_null_values,data-dbt/rapsodo/models/staging/staging__internal_subscriptions.sql,4,billing_subscriptions,plan_name,Different plan vocabularies,Create mapping table to standardize status for both tables,standardize_plan,data-dbt/rapsodo/models/staging/staging__billing_subscriptions.sql
5,internal_subscriptions,user_id,"Duplicated data
8 subscribers affected","Apply the window function
based on last_updated
timestamp to capture the
latest changes",detect_duplicates,data-dbt/rapsodo/models/staging/staging__internal_subscriptions.sql,5,billing_subscriptions,canceled_at,Contains null values,"Fill back with '9999-12-31' 
to indicate null value",fill_null_values,data-dbt/rapsodo/models/staging/staging__billing_subscriptions.sql